wavenumber,n1,n2,n3
225.63,2.8287,1.9402,2.9124
227.56,2.5808,1.9444,2.9213
229.49,2.3713,1.9489,2.9304
231.42,2.2087,1.9535,2.9397
233.35,2.0934,1.9581,2.9491
235.28,2.0215,1.9625,2.9587
237.21,1.987,1.9662,2.9686
239.13,1.9826,1.9682,2.9785
241.06,2.0025,1.9665,2.9887
242.99,2.0454,1.955,2.999
244.92,2.1171,1.9222,3.0095
246.85,2.1952,1.8864,3.0202
248.78,2.2572,1.8677,3.031
250.7,2.3074,1.8601,3.0421
252.63,2.3502,1.8586,3.0533
254.56,2.3879,1.8604,3.0647
256.49,2.4219,1.8639,3.0763
258.42,2.4532,1.8684,3.0881
260.35,2.4822,1.8733,3.1001
262.28,2.5094,1.8784,3.1124
264.2,2.5351,1.8835,3.1249
266.13,2.5595,1.8885,3.1377
268.06,2.5828,1.8935,3.1508
269.99,2.6052,1.8984,3.1641
271.92,2.6269,1.9032,3.1778
273.85,2.6478,1.908,3.1918
275.78,2.6682,1.9127,3.2062
277.7,2.6882,1.9173,3.221
279.63,2.7077,1.9219,3.2362
281.56,2.727,1.9264,3.2518
283.49,2.746,1.931,3.268
285.42,2.7649,1.9355,3.2847
287.35,2.7837,1.9401,3.3019
289.27,2.8024,1.9447,3.3198
291.2,2.8211,1.9494,3.3383
293.13,2.8399,1.9542,3.3575
295.06,2.8589,1.959,3.3775
296.99,2.878,1.9639,3.3984
298.92,2.8973,1.9689,3.4201
300.85,2.9169,1.974,3.4428
302.77,2.9368,1.9793,3.4666
304.7,2.9571,1.9847,3.4914
306.63,2.9778,1.9903,3.5175
308.56,2.9989,1.9961,3.545
310.49,3.0206,2.002,3.5738
312.42,3.0429,2.0082,3.6042
314.35,3.0658,2.0146,3.6363
316.27,3.0894,2.0213,3.6702
318.2,3.1138,2.0282,3.706
320.13,3.139,2.0354,3.7438
322.06,3.165,2.0429,3.7838
323.99,3.192,2.0508,3.826
325.92,3.2199,2.0589,3.8705
327.84,3.2489,2.0674,3.9173
329.77,3.2789,2.0762,3.9661
331.7,3.31,2.0853,4.0166
333.63,3.342,2.0946,4.0682
335.56,3.375,2.1039,4.1198
337.49,3.4085,2.113,4.1697
339.42,3.4424,2.1216,4.2154
341.34,3.4761,2.1291,4.2534
343.27,3.509,2.1347,4.279
345.2,3.5405,2.1375,4.2864
347.13,3.5701,2.136,4.2701
349.06,3.5983,2.1288,4.2257
350.99,3.6264,2.1151,4.1535
352.92,3.6568,2.0948,4.0599
354.84,3.6918,2.0693,3.9592
356.77,3.7321,2.0415,3.8705
358.7,3.7746,2.0143,3.813
360.63,3.8107,1.9908,3.797
362.56,3.8293,1.9732,3.8084
364.49,3.8303,1.9629,3.7839
366.41,3.8281,1.9604,3.6249
368.34,3.8317,1.9646,3.301
370.27,3.8377,1.9739,2.9169
372.2,3.8374,1.9863,2.606
374.13,3.8213,2.0002,2.4259
376.06,3.78,2.014,2.3724
377.99,3.7055,2.0266,2.4147
379.91,3.5936,2.0383,2.5063
381.84,3.4489,2.0503,2.5846
383.77,3.2884,2.0631,2.5773
385.7,3.1173,2.0758,2.4529
387.63,2.9303,2.0858,2.2536
389.56,2.7447,2.0901,2.0471
391.49,2.5831,2.0852,1.8817
393.41,2.4611,2.0685,1.7667
395.34,2.3819,2.0408,1.6881
397.27,2.3296,2.0097,1.6313
399.2,2.2803,1.985,1.5872
401.13,2.2243,1.9721,1.546
403.06,2.1745,1.9698,1.4951
404.98,2.1483,1.9746,1.4289
406.91,2.1505,1.983,1.3561
408.84,2.1761,1.9924,1.29
410.77,2.2158,2.0018,1.2402
412.7,2.2587,2.0115,1.2109
414.63,2.2921,2.0222,1.2019
416.56,2.3034,2.0345,1.2096
418.48,2.283,2.0481,1.2265
420.41,2.2296,2.0623,1.242
422.34,2.1535,2.0762,1.2444
424.27,2.072,2.0894,1.2259
426.2,1.998,2.1016,1.1878
428.13,1.9355,2.1132,1.1391
430.05,1.8833,2.1251,1.0896
431.98,1.8402,2.1383,1.0449
433.91,1.807,2.1538,1.0067
435.84,1.7862,2.1721,0.97461
437.77,1.779,2.1929,0.94864
439.7,1.7845,2.2161,0.93
441.63,1.7997,2.2413,0.92048
443.55,1.8213,2.2681,0.92138
445.48,1.8465,2.2962,0.9329
447.41,1.8734,2.3252,0.95403
449.34,1.9008,2.3546,0.98278
451.27,1.928,2.3839,1.0166
453.2,1.9548,2.413,1.0526
455.13,1.9808,2.4415,1.0886
457.05,2.0062,2.4692,1.1222
458.98,2.0309,2.496,1.1518
460.91,2.055,2.522,1.1762
462.84,2.0785,2.5471,1.1944
464.77,2.1016,2.5715,1.2061
466.7,2.1242,2.5955,1.2118
468.62,2.1466,2.6194,1.2128
470.55,2.1688,2.6435,1.2112
472.48,2.1908,2.668,1.2093
474.41,2.2128,2.693,1.2091
476.34,2.2347,2.7185,1.2121
478.27,2.2568,2.7446,1.2188
480.2,2.2789,2.7713,1.2293
482.12,2.3011,2.7984,1.243
484.05,2.3237,2.8261,1.2593
485.98,2.3465,2.8543,1.2774
487.91,2.3696,2.8831,1.2967
489.84,2.3933,2.9125,1.3166
491.77,2.4174,2.9425,1.3368
493.7,2.4422,2.9732,1.357
495.62,2.4677,3.0048,1.3771
497.55,2.4941,3.0373,1.397
499.48,2.5215,3.0708,1.4165
501.41,2.5499,3.1055,1.4358
503.34,2.5798,3.1416,1.4548
505.27,2.6111,3.1791,1.4736
507.19,2.6442,3.2183,1.4922
509.12,2.6793,3.2594,1.5107
511.05,2.7167,3.3027,1.5292
512.98,2.757,3.3485,1.5479
514.91,2.8005,3.3972,1.5667
516.84,2.848,3.4492,1.5858
518.77,2.9001,3.5049,1.6054
520.69,2.9578,3.565,1.6257
522.62,3.0225,3.6298,1.6468
524.55,3.0961,3.6992,1.669
526.48,3.1817,3.7714,1.6926
528.41,3.2854,3.8395,1.7177
530.34,3.4236,3.8793,1.7449
532.27,3.66,3.8012,1.7746
534.19,3.7988,3.7346,1.807
536.12,3.909,3.5023,1.8427
538.05,4.0226,3.0362,1.882
539.98,4.1431,2.4973,1.925
541.91,4.2724,2.069,1.9728
543.84,4.4115,1.782,2.0386
545.76,4.5597,1.4989,2.2248
547.69,4.7146,1.328,2.3689
549.62,4.8756,1.2752,2.4077
551.55,5.0506,1.2799,2.3743
553.48,5.2464,1.3083,2.3325
555.41,5.4508,1.3441,2.3296
557.34,5.6272,1.3792,2.361
559.26,5.704,1.408,2.4018
561.19,5.5672,1.4249,2.4326
563.12,5.11,1.4251,2.4489
565.05,4.3694,1.4097,2.4637
566.98,3.5504,1.3907,2.4917
568.91,2.8345,1.3816,2.5332
570.84,2.2778,1.3855,2.581
572.76,1.8626,1.3984,2.629
574.69,1.5547,1.4156,2.6732
576.62,1.3239,1.4341,2.7114
578.55,1.1482,1.4524,2.7422
580.48,1.0123,1.4699,2.7643
582.41,0.90556,1.4864,2.7769
584.33,0.82064,1.5018,2.7798
586.26,0.75242,1.5162,2.7732
588.19,0.69727,1.5297,2.7586
590.12,0.65257,1.5425,2.7383
592.05,0.61646,1.5546,2.7161
593.98,0.5876,1.566,2.6964
595.91,0.56501,1.577,2.6838
597.83,0.54801,1.5875,2.683
599.76,0.53611,1.5975,2.6975
601.69,0.52894,1.6072,2.7299
603.62,0.52626,1.6167,2.7808
605.55,0.52789,1.6258,2.8487
607.48,0.53376,1.6348,2.9289
609.41,0.54389,1.6436,3.0118
611.33,0.55843,1.6524,3.0801
613.26,0.57759,1.661,3.105
615.19,0.60164,1.6696,3.048
617.12,0.63079,1.6781,2.8772
619.05,0.66506,1.6866,2.5986
620.98,0.70418,1.6952,2.2652
622.9,0.74743,1.7037,1.9412
624.83,0.7937,1.7122,1.6652
626.76,0.84167,1.7208,1.4464
628.69,0.89,1.7295,1.2791
630.62,0.9376,1.7382,1.1532
632.55,0.98364,1.7471,1.0596
634.48,1.0276,1.756,0.99113
636.4,1.0692,1.7651,0.94259
638.33,1.1082,1.7743,0.91044
640.26,1.1448,1.7837,0.89231
642.19,1.1789,1.7933,0.88671
644.12,1.2105,1.8031,0.89269
646.05,1.2399,1.8132,0.90954
647.98,1.2671,1.8234,0.93649
649.9,1.2922,1.834,0.97234
651.83,1.3154,1.8448,1.0154
653.76,1.3368,1.8559,1.0634
655.69,1.3565,1.8674,1.1141
657.62,1.3749,1.8792,1.1655
659.55,1.3925,1.8915,1.2155
661.47,1.4115,1.9041,1.2613
663.4,1.4346,1.9172,1.2995
665.33,1.4602,1.9308,1.3316
667.26,1.4847,1.9449,1.3614
669.19,1.5066,1.9596,1.3902
671.12,1.5259,1.9749,1.4184
673.05,1.5427,1.9908,1.4459
674.97,1.5571,2.0073,1.473
676.9,1.5689,2.0244,1.5
678.83,1.578,2.042,1.5273
680.76,1.5836,2.0601,1.5558
682.69,1.5853,2.0784,1.586
684.62,1.5866,2.0967,1.6149
686.54,1.5903,2.1147,1.6397
688.47,1.5957,2.1322,1.6613
690.4,1.602,2.1488,1.6808
692.33,1.6085,2.164,1.6986
694.26,1.6151,2.1774,1.7152
696.19,1.6213,2.1888,1.7308
698.12,1.6268,2.1978,1.7456
700.04,1.6315,2.2043,1.7598
701.97,1.6349,2.2084,1.7733
703.9,1.6368,2.2104,1.7864
705.83,1.637,2.211,1.799
707.76,1.6353,2.2108,1.8111
709.69,1.632,2.2108,1.8228
711.62,1.6274,2.2118,1.834
713.54,1.6223,2.2142,1.8446
715.47,1.6172,2.2182,1.8546
717.4,1.613,2.2238,1.864
719.33,1.6102,2.2305,1.8727
721.26,1.609,2.2378,1.8807
723.19,1.6093,2.245,1.8881
725.11,1.6107,2.2511,1.8952
727.04,1.6126,2.2547,1.9022
728.97,1.6144,2.2544,1.9094
730.9,1.6154,2.2487,1.9172
732.83,1.6151,2.2368,1.9258
734.76,1.6131,2.2191,1.9354
736.69,1.609,2.1984,1.9457
738.61,1.6032,2.1787,1.9566
740.54,1.5967,2.1641,1.9678
742.47,1.591,2.1573,1.9787
744.4,1.5883,2.1576,1.9887
746.33,1.589,2.1614,1.9974
748.26,1.5909,2.1618,2.0046
750.19,1.5875,2.1525,2.0117
752.11,1.573,2.1376,2.0212
754.04,1.553,2.1283,2.034
755.97,1.5393,2.125,2.0489
757.9,1.5358,2.1205,2.0643
759.83,1.5397,2.1095,2.0796
761.76,1.5477,2.0892,2.0947
763.68,1.5577,2.0593,2.1096
765.61,1.5685,2.0214,2.1243
767.54,1.5794,1.9787,2.1389
769.47,1.59,1.9355,2.1536
771.4,1.6001,1.896,2.1682
773.33,1.6093,1.8638,2.1828
775.26,1.6173,1.8411,2.1975
777.18,1.6237,1.8288,2.2121
779.11,1.6281,1.827,2.2267
781.04,1.6301,1.8346,2.2412
782.97,1.6304,1.8496,2.2555
784.9,1.6303,1.8692,2.2696
786.83,1.6311,1.8907,2.2833
788.76,1.6334,1.9125,2.2966
790.68,1.6372,1.9336,2.3093
792.61,1.642,1.9537,2.3213
794.54,1.6474,1.973,2.3327
796.47,1.653,1.9913,2.3435
798.4,1.6586,2.0087,2.354
800.33,1.6643,2.0255,2.3646
802.25,1.6699,2.0419,2.3755
804.18,1.6758,2.058,2.3871
806.11,1.682,2.0741,2.3995
808.04,1.6886,2.0902,2.4127
809.97,1.6958,2.1064,2.4266
811.9,1.7034,2.1227,2.4412
813.83,1.7114,2.1391,2.4564
815.75,1.7197,2.1556,2.4721
817.68,1.7283,2.1721,2.4881
819.61,1.737,2.1887,2.5044
821.54,1.7459,2.2054,2.521
823.47,1.7549,2.2221,2.5378
825.4,1.7639,2.2389,2.5549
827.33,1.7729,2.2558,2.5723
829.25,1.7821,2.2728,2.5898
831.18,1.7912,2.29,2.6076
833.11,1.8004,2.3073,2.6256
835.04,1.8097,2.3248,2.644
836.97,1.819,2.3425,2.6626
838.9,1.8284,2.3605,2.6815
840.82,1.8379,2.3787,2.7007
842.75,1.8474,2.3972,2.7203
844.68,1.8571,2.416,2.7402
846.61,1.8669,2.4352,2.7606
848.54,1.8768,2.4548,2.7814
850.47,1.8868,2.4748,2.8026
852.4,1.8971,2.4953,2.8243
854.32,1.9075,2.5163,2.8466
856.25,1.9181,2.5378,2.8694
858.18,1.9289,2.5598,2.8928
860.11,1.9399,2.5825,2.9169
862.04,1.9512,2.6059,2.9416
863.97,1.9627,2.6299,2.9671
865.9,1.9745,2.6548,2.9933
867.82,1.9867,2.6804,3.0203
869.75,1.9991,2.707,3.0482
871.68,2.0119,2.7344,3.077
873.61,2.0251,2.7629,3.1067
875.54,2.0387,2.7923,3.1375
877.47,2.0527,2.8229,3.1692
879.39,2.0672,2.8547,3.202
881.32,2.0822,2.8876,3.2358
883.25,2.0978,2.9217,3.2706
885.18,2.1138,2.9571,3.3065
887.11,2.1305,2.9936,3.3432
889.04,2.1478,3.0312,3.3807
890.97,2.1658,3.0697,3.4187
892.89,2.1844,3.1089,3.4568
894.82,2.2037,3.1481,3.4947
896.75,2.2238,3.1867,3.5316
898.68,2.2444,3.2235,3.5668
900.61,2.2657,3.257,3.5993
902.54,2.2875,3.285,3.628
904.47,2.3097,3.3049,3.6516
906.39,2.3319,3.314,3.6684
908.32,2.3536,3.3099,3.6768
910.25,2.3744,3.2907,3.6755
912.18,2.3932,3.256,3.6646
914.11,2.409,3.2066,3.6463
916.04,2.4202,3.1451,3.6251
917.96,2.4251,3.0755,3.6069
919.89,2.4226,3.0029,3.5976
921.82,2.4123,2.9319,3.6007
923.75,2.3952,2.8648,3.6168
925.68,2.374,2.8008,3.6437
927.61,2.3519,2.7368,3.6769
929.54,2.3315,2.6697,3.7104
931.46,2.3137,2.5982,3.7364
933.39,2.2983,2.5236,3.7453
935.32,2.2844,2.448,3.7263
937.25,2.271,2.3739,3.6701
939.18,2.2576,2.3019,3.5721
941.11,2.2446,2.2317,3.4371
943.04,2.2321,2.1621,3.2799
944.96,2.2197,2.0926,3.1208
946.89,2.2061,2.0239,2.9793
948.82,2.1891,1.9588,2.8677
950.75,2.1658,1.9011,2.7894
952.68,2.1342,1.8552,2.7406
954.61,2.0941,1.8233,2.7129
956.53,2.0479,1.8051,2.6963
958.46,2.0001,1.797,2.6812
960.39,1.9554,1.794,2.6611
962.32,1.9167,1.7908,2.6335
964.25,1.8847,1.7842,2.5988
966.18,1.8578,1.773,2.5585
968.11,1.8336,1.7583,2.5142
970.03,1.8101,1.7416,2.4664
971.96,1.7858,1.7245,2.415
973.89,1.7599,1.7079,2.3594
975.82,1.7323,1.6917,2.2993
977.75,1.7035,1.6751,2.2349
979.68,1.6738,1.6566,2.1671
981.61,1.6439,1.6345,2.0972
983.53,1.6144,1.6073,2.0267
985.46,1.5858,1.574,1.9573
987.39,1.5586,1.5341,1.8906
989.32,1.5333,1.4884,1.8279
991.25,1.51,1.4381,1.7704
993.18,1.4886,1.3851,1.7189
995.1,1.469,1.3312,1.6742
997.03,1.4511,1.278,1.6368
998.96,1.4346,1.2265,1.6067
1000.9,1.4195,1.1773,1.5841
1002.8,1.4056,1.1307,1.5683
1004.7,1.3929,1.0871,1.5589
1006.7,1.3813,1.0463,1.555
1008.6,1.3704,1.0086,1.556
1010.5,1.36,0.97381,1.5611
1012.5,1.3496,0.94185,1.5695
1014.4,1.3393,0.91256,1.5805
1016.3,1.3289,0.88581,1.5926
1018.2,1.3191,0.86142,1.6046
1020.2,1.3103,0.83928,1.6147
1022.1,1.3032,0.81924,1.6212
1024,1.2985,0.8012,1.6228
1026,1.2967,0.78506,1.6181
1027.9,1.298,0.77076,1.6067
1029.8,1.3026,0.75821,1.5884
1031.7,1.3104,0.74737,1.5635
1033.7,1.3213,0.73819,1.5328
1035.6,1.335,0.73063,1.4973
1037.5,1.3514,0.72467,1.4584
1039.5,1.3701,0.72028,1.4174
1041.4,1.3909,0.71743,1.3758
1043.3,1.4133,0.71612,1.3349
1045.2,1.4373,0.71631,1.2957
1047.2,1.4625,0.71798,1.2592
1049.1,1.4886,0.72111,1.2261
1051,1.5154,0.72565,1.1969
1053,1.5427,0.73153,1.1721
1054.9,1.5702,0.73869,1.1519
1056.8,1.5977,0.74702,1.1364
1058.7,1.6249,0.7564,1.1259
1060.7,1.6515,0.7667,1.1202
1062.6,1.6771,0.77777,1.1193
1064.5,1.7015,0.78945,1.123
1066.5,1.724,0.8016,1.1309
1068.4,1.7442,0.81407,1.1427
1070.3,1.7615,0.82679,1.1577
1072.2,1.775,0.83968,1.1751
1074.2,1.7841,0.85268,1.1939
1076.1,1.7878,0.86578,1.2132
1078,1.7852,0.87897,1.2317
1080,1.7753,0.89223,1.2481
1081.9,1.7572,0.90555,1.2614
1083.8,1.7307,0.91889,1.27
1085.7,1.6957,0.93224,1.2725
1087.7,1.6535,0.94558,1.2672
1089.6,1.605,0.95893,1.2533
1091.5,1.5509,0.97225,1.2312
1093.5,1.4911,0.98557,1.2029
1095.4,1.4264,0.99887,1.1703
1097.3,1.3582,1.0121,1.135
1099.2,1.2882,1.0253,1.0986
1101.2,1.2181,1.0385,1.062
1103.1,1.1495,1.0514,1.0263
1105,1.0836,1.0642,0.99214
1107,1.0214,1.0767,0.95992
1108.9,0.96332,1.0888,0.92996
1110.8,0.90968,1.1005,0.90247
1112.7,0.86046,1.1117,0.87746
1114.7,0.8156,1.1224,0.85491
1116.6,0.77484,1.1326,0.83466
1118.5,0.73796,1.1423,0.81653
1120.5,0.70465,1.1515,0.8002
1122.4,0.67464,1.1604,0.78536
1124.3,0.64763,1.1691,0.77163
1126.2,0.62338,1.1777,0.75876
1128.2,0.60164,1.186,0.74668
1130.1,0.58221,1.1937,0.73555
1132,0.56489,1.2002,0.72563
1134,0.54953,1.2052,0.71722
1135.9,0.53597,1.2084,0.71051
1137.8,0.52411,1.2094,0.7056
1139.7,0.51385,1.2082,0.7025
1141.7,0.5051,1.2049,0.70118
1143.6,0.49781,1.1994,0.70154
1145.5,0.49191,1.1919,0.70348
1147.5,0.48736,1.1825,0.70685
1149.4,0.48409,1.1715,0.71152
1151.3,0.48203,1.1592,0.71731
1153.2,0.48104,1.1457,0.72404
1155.2,0.48093,1.1313,0.73154
1157.1,0.48138,1.1161,0.73965
1159,0.48196,1.1002,0.74823
1161,0.48211,1.0832,0.75717
1162.9,0.48124,1.0646,0.76643
1164.8,0.47884,1.0436,0.77601
1166.7,0.47461,1.0196,0.78593
1168.7,0.46864,0.99244,0.79622
1170.6,0.46139,0.96283,0.80685
1172.5,0.45353,0.932,0.81776
1174.5,0.44584,0.90131,0.82889
1176.4,0.43898,0.87191,0.84011
1178.3,0.43344,0.84446,0.85137
1180.2,0.42951,0.8193,0.86257
1182.2,0.4273,0.79644,0.87369
1184.1,0.42683,0.77581,0.88466
1186,0.42806,0.75726,0.89547
1188,0.43092,0.74066,0.9061
1189.9,0.43534,0.72586,0.91654
1191.8,0.44126,0.71276,0.92679
1193.7,0.44859,0.70124,0.93685
1195.7,0.45726,0.69126,0.94671
1197.6,0.4672,0.68272,0.95638
1199.5,0.47828,0.67558,0.96586
1201.5,0.49041,0.6698,0.97516
1203.4,0.50344,0.66533,0.98428
1205.3,0.51722,0.66214,0.99323
1207.2,0.53159,0.66021,1.002
1209.2,0.54639,0.65948,1.0106
1211.1,0.56147,0.65994,1.0191
1213,0.57669,0.66155,1.0274
1215,0.59192,0.66425,1.0356
1216.9,0.60708,0.668,1.0436
1218.8,0.62205,0.67274,1.0515
1220.7,0.63679,0.67842,1.0593
1222.7,0.65123,0.68496,1.0669
1224.6,0.66536,0.69229,1.0745
1226.5,0.67912,0.70032,1.0819
1228.5,0.69252,0.70898,1.0892
1230.4,0.70553,0.71817,1.0963
1232.3,0.71817,0.72783,1.1034
1234.2,0.73041,0.73786,1.1104
1236.2,0.74228,0.74819,1.1173
1238.1,0.75377,0.75876,1.124
1240,0.7649,0.7695,1.1307
1242,0.77566,0.78035,1.1373
1243.9,0.78608,0.79127,1.1438
1245.8,0.79616,0.80221,1.1503
1247.7,0.80591,0.81313,1.1566
1249.7,0.81533,0.82401,1.1629
1251.6,0.82446,0.83481,1.169
1253.5,0.83329,0.84551,1.1751
1255.5,0.84184,0.8561,1.1811
1257.4,0.85013,0.86654,1.1871
1259.3,0.85816,0.87684,1.193
1261.2,0.86596,0.88696,1.1988
1263.2,0.87355,0.89691,1.2045
1265.1,0.88092,0.90666,1.2102
1267,0.88812,0.91622,1.2158
1269,0.89513,0.92556,1.2213
1270.9,0.90199,0.93469,1.2268
1272.8,0.9087,0.94361,1.2322
1274.7,0.91527,0.95231,1.2375
1276.7,0.92169,0.9608,1.2428
1278.6,0.928,0.96907,1.248
1280.5,0.93417,0.97715,1.2531
1282.5,0.94022,0.98502,1.2582
1284.4,0.94615,0.9927,1.2633
1286.3,0.95197,1.0002,1.2682
1288.2,0.95766,1.0075,1.2732
1290.2,0.96325,1.0147,1.278
1292.1,0.96872,1.0217,1.2828
1294,0.97407,1.0285,1.2876
1296,0.97932,1.0352,1.2923
1297.9,0.98446,1.0417,1.2969
1299.8,0.98949,1.0481,1.3015
1301.7,0.99442,1.0543,1.3061
1303.7,0.99924,1.0605,1.3106
1305.6,1.004,1.0665,1.315
1307.5,1.0086,1.0724,1.3194
1309.5,1.0131,1.0782,1.3237
1311.4,1.0176,1.0838,1.328
1313.3,1.0219,1.0894,1.3323
1315.2,1.0262,1.0948,1.3365
1317.2,1.0303,1.1002,1.3407
1319.1,1.0344,1.1054,1.3448
1321,1.0384,1.1106,1.3488
1322.9,1.0423,1.1157,1.3529
1324.9,1.0462,1.1207,1.3568
1326.8,1.05,1.1256,1.3608
1328.7,1.0536,1.1304,1.3647
1330.7,1.0573,1.1351,1.3685
1332.6,1.0608,1.1398,1.3723
1334.5,1.0643,1.1443,1.3761
1336.4,1.0677,1.1489,1.3798
1338.4,1.0711,1.1533,1.3835
1340.3,1.0744,1.1576,1.3871
1342.2,1.0776,1.1619,1.3908
1344.2,1.0808,1.1662,1.3943
1346.1,1.0839,1.1703,1.3979
1348,1.087,1.1744,1.4014
1349.9,1.09,1.1785,1.4048
1351.9,1.0929,1.1824,1.4082
1353.8,1.0958,1.1863,1.4116
1355.7,1.0987,1.1902,1.415
1357.7,1.1015,1.194,1.4183
1359.6,1.1042,1.1977,1.4216
1361.5,1.107,1.2014,1.4248
1363.4,1.1096,1.2051,1.428
1365.4,1.1122,1.2087,1.4312
1367.3,1.1148,1.2122,1.4344
1369.2,1.1174,1.2157,1.4375
1371.2,1.1199,1.2191,1.4406
1373.1,1.1223,1.2225,1.4436
1375,1.1248,1.2258,1.4467
1376.9,1.1271,1.2291,1.4497
1378.9,1.1295,1.2324,1.4526
1380.8,1.1318,1.2356,1.4556
1382.7,1.1341,1.2388,1.4585
1384.7,1.1363,1.2419,1.4614
1386.6,1.1385,1.245,1.4642
1388.5,1.1407,1.248,1.467
1390.4,1.1429,1.251,1.4698
1392.4,1.145,1.254,1.4726
1394.3,1.1471,1.2569,1.4753
1396.2,1.1491,1.2598,1.4781
1398.2,1.1512,1.2627,1.4807
1400.1,1.1532,1.2655,1.4834
1402,1.1552,1.2683,1.486
1403.9,1.1571,1.271,1.4887
1405.9,1.159,1.2738,1.4912
1407.8,1.1609,1.2764,1.4938
1409.7,1.1628,1.2791,1.4963
1411.7,1.1646,1.2817,1.4989
1413.6,1.1665,1.2843,1.5014
1415.5,1.1683,1.2869,1.5038
1417.4,1.17,1.2894,1.5063
1419.4,1.1718,1.2919,1.5087
1421.3,1.1735,1.2944,1.5111
1423.2,1.1752,1.2968,1.5135
1425.2,1.1769,1.2993,1.5158
1427.1,1.1786,1.3017,1.5182
1429,1.1802,1.304,1.5205
1430.9,1.1819,1.3064,1.5228
1432.9,1.1835,1.3087,1.5251
1434.8,1.1851,1.311,1.5273
1436.7,1.1866,1.3132,1.5295
1438.7,1.1882,1.3155,1.5318
1440.6,1.1897,1.3177,1.5339
1442.5,1.1912,1.3199,1.5361
1444.4,1.1927,1.322,1.5383
1446.4,1.1942,1.3242,1.5404
1448.3,1.1957,1.3263,1.5425
1450.2,1.1971,1.3284,1.5446
1452.2,1.1986,1.3305,1.5467
1454.1,1.2,1.3325,1.5488
1456,1.2014,1.3346,1.5508
1457.9,1.2028,1.3366,1.5529
1459.9,1.2041,1.3386,1.5549
1461.8,1.2055,1.3406,1.5569
1463.7,1.2068,1.3425,1.5588
1465.7,1.2082,1.3444,1.5608
1467.6,1.2095,1.3464,1.5627
1469.5,1.2108,1.3483,1.5647
1471.4,1.212,1.3501,1.5666
1473.4,1.2133,1.352,1.5685
1475.3,1.2146,1.3538,1.5704
1477.2,1.2158,1.3557,1.5722
1479.2,1.217,1.3575,1.5741
1481.1,1.2183,1.3593,1.5759
1483,1.2195,1.361,1.5777
1484.9,1.2207,1.3628,1.5795
1486.9,1.2218,1.3645,1.5813
1488.8,1.223,1.3663,1.5831
1490.7,1.2242,1.368,1.5849
1492.7,1.2253,1.3697,1.5866
1494.6,1.2264,1.3714,1.5884
1496.5,1.2276,1.373,1.5901
1498.4,1.2287,1.3747,1.5918
1500.4,1.2298,1.3763,1.5935
1502.3,1.2309,1.3779,1.5952
1504.2,1.232,1.3795,1.5968
1506.2,1.233,1.3811,1.5985
1508.1,1.2341,1.3827,1.6001
1510,1.2351,1.3842,1.6017
1511.9,1.2362,1.3858,1.6034
1513.9,1.2372,1.3873,1.605
1515.8,1.2382,1.3889,1.6066
1517.7,1.2392,1.3904,1.6081
1519.7,1.2403,1.3919,1.6097
1521.6,1.2412,1.3933,1.6113
1523.5,1.2422,1.3948,1.6128
1525.4,1.2432,1.3963,1.6143
1527.4,1.2442,1.3977,1.6159
1529.3,1.2451,1.3992,1.6174
1531.2,1.2461,1.4006,1.6189
1533.2,1.247,1.402,1.6204
1535.1,1.248,1.4034,1.6218
1537,1.2489,1.4048,1.6233
1538.9,1.2498,1.4061,1.6248
1540.9,1.2507,1.4075,1.6262
1542.8,1.2516,1.4089,1.6276
1544.7,1.2525,1.4102,1.6291
1546.7,1.2534,1.4115,1.6305
1548.6,1.2543,1.4129,1.6319
1550.5,1.2551,1.4142,1.6333
1552.4,1.256,1.4155,1.6346
1554.4,1.2569,1.4168,1.636
1556.3,1.2577,1.418,1.6374
1558.2,1.2586,1.4193,1.6387
1560.2,1.2594,1.4206,1.6401
1562.1,1.2602,1.4218,1.6414
1564,1.261,1.4231,1.6427
1565.9,1.2619,1.4243,1.6441
1567.9,1.2627,1.4255,1.6454
1569.8,1.2635,1.4267,1.6467
1571.7,1.2643,1.4279,1.648
1573.7,1.265,1.4291,1.6492
1575.6,1.2658,1.4303,1.6505
1577.5,1.2666,1.4315,1.6518
1579.4,1.2674,1.4327,1.653
1581.4,1.2681,1.4338,1.6543
1583.3,1.2689,1.435,1.6555
1585.2,1.2696,1.4361,1.6567
1587.2,1.2704,1.4372,1.6579
1589.1,1.2711,1.4384,1.6592
1591,1.2719,1.4395,1.6604
1592.9,1.2726,1.4406,1.6616
1594.9,1.2733,1.4417,1.6627
1596.8,1.274,1.4428,1.6639
1598.7,1.2748,1.4439,1.6651
1600.7,1.2755,1.4449,1.6663
1602.6,1.2762,1.446,1.6674
1604.5,1.2769,1.4471,1.6686
1606.4,1.2775,1.4481,1.6697
1608.4,1.2782,1.4492,1.6709
1610.3,1.2789,1.4502,1.672
1612.2,1.2796,1.4513,1.6731
1614.2,1.2803,1.4523,1.6742
1616.1,1.2809,1.4533,1.6753
1618,1.2816,1.4543,1.6764
1619.9,1.2822,1.4553,1.6775
1621.9,1.2829,1.4563,1.6786
1623.8,1.2835,1.4573,1.6797
1625.7,1.2842,1.4583,1.6807
1627.7,1.2848,1.4593,1.6818
1629.6,1.2855,1.4602,1.6829
1631.5,1.2861,1.4612,1.6839
1633.4,1.2867,1.4622,1.685
1635.4,1.2873,1.4631,1.686
1637.3,1.2879,1.464,1.687
1639.2,1.2886,1.465,1.688
1641.2,1.2892,1.4659,1.6891
1643.1,1.2898,1.4668,1.6901
1645,1.2904,1.4678,1.6911
1646.9,1.291,1.4687,1.6921
1648.9,1.2915,1.4696,1.6931
1650.8,1.2921,1.4705,1.6941
1652.7,1.2927,1.4714,1.695
1654.7,1.2933,1.4723,1.696
1656.6,1.2939,1.4732,1.697
1658.5,1.2944,1.474,1.698
1660.4,1.295,1.4749,1.6989
1662.4,1.2956,1.4758,1.6999
1664.3,1.2961,1.4766,1.7008
1666.2,1.2967,1.4775,1.7018
1668.2,1.2972,1.4784,1.7027
1670.1,1.2978,1.4792,1.7036
1672,1.2983,1.48,1.7045
1673.9,1.2989,1.4809,1.7055
1675.9,1.2994,1.4817,1.7064
1677.8,1.2999,1.4825,1.7073
1679.7,1.3005,1.4834,1.7082
1681.7,1.301,1.4842,1.7091
1683.6,1.3015,1.485,1.71
1685.5,1.302,1.4858,1.7109
1687.4,1.3026,1.4866,1.7117
1689.4,1.3031,1.4874,1.7126
1691.3,1.3036,1.4882,1.7135
1693.2,1.3041,1.489,1.7144
1695.1,1.3046,1.4897,1.7152
1697.1,1.3051,1.4905,1.7161
1699,1.3056,1.4913,1.7169
1700.9,1.3061,1.4921,1.7178
1702.9,1.3066,1.4928,1.7186
1704.8,1.3071,1.4936,1.7195
1706.7,1.3075,1.4943,1.7203
1708.6,1.308,1.4951,1.7211
1710.6,1.3085,1.4958,1.7219
1712.5,1.309,1.4966,1.7228
1714.4,1.3094,1.4973,1.7236
1716.4,1.3099,1.498,1.7244
1718.3,1.3104,1.4988,1.7252
1720.2,1.3108,1.4995,1.726
1722.1,1.3113,1.5002,1.7268
1724.1,1.3118,1.5009,1.7276
1726,1.3122,1.5016,1.7284
1727.9,1.3127,1.5023,1.7292
1729.9,1.3131,1.503,1.7299
1731.8,1.3136,1.5037,1.7307
1733.7,1.314,1.5044,1.7315
1735.6,1.3145,1.5051,1.7322
1737.6,1.3149,1.5058,1.733
1739.5,1.3153,1.5065,1.7338
1741.4,1.3158,1.5072,1.7345
1743.4,1.3162,1.5078,1.7353
1745.3,1.3166,1.5085,1.736
1747.2,1.3171,1.5092,1.7368
1749.1,1.3175,1.5098,1.7375
1751.1,1.3179,1.5105,1.7382
1753,1.3183,1.5112,1.739
1754.9,1.3187,1.5118,1.7397
1756.9,1.3192,1.5125,1.7404
1758.8,1.3196,1.5131,1.7411
1760.7,1.32,1.5138,1.7418
1762.6,1.3204,1.5144,1.7426
1764.6,1.3208,1.515,1.7433
1766.5,1.3212,1.5157,1.744
1768.4,1.3216,1.5163,1.7447
1770.4,1.322,1.5169,1.7454
1772.3,1.3224,1.5175,1.7461
1774.2,1.3228,1.5181,1.7468
1776.1,1.3232,1.5188,1.7474
1778.1,1.3236,1.5194,1.7481
1780,1.324,1.52,1.7488
1781.9,1.3243,1.5206,1.7495
1783.9,1.3247,1.5212,1.7501
1785.8,1.3251,1.5218,1.7508
1787.7,1.3255,1.5224,1.7515
1789.6,1.3259,1.523,1.7521
1791.6,1.3262,1.5236,1.7528
1793.5,1.3266,1.5242,1.7535
1795.4,1.327,1.5247,1.7541
1797.4,1.3273,1.5253,1.7548
1799.3,1.3277,1.5259,1.7554
1801.2,1.3281,1.5265,1.756
1803.1,1.3284,1.527,1.7567
1805.1,1.3288,1.5276,1.7573
1807,1.3292,1.5282,1.758
1808.9,1.3295,1.5287,1.7586
1810.9,1.3299,1.5293,1.7592
1812.8,1.3302,1.5299,1.7598
1814.7,1.3306,1.5304,1.7605
1816.6,1.3309,1.531,1.7611
1818.6,1.3313,1.5315,1.7617
1820.5,1.3316,1.532,1.7623
1822.4,1.332,1.5326,1.7629
1824.4,1.3323,1.5331,1.7635
1826.3,1.3326,1.5337,1.7641
1828.2,1.333,1.5342,1.7647
1830.1,1.3333,1.5347,1.7653
1832.1,1.3337,1.5353,1.7659
1834,1.334,1.5358,1.7665
1835.9,1.3343,1.5363,1.7671
1837.9,1.3346,1.5368,1.7677
1839.8,1.335,1.5374,1.7683
1841.7,1.3353,1.5379,1.7688
1843.6,1.3356,1.5384,1.7694
1845.6,1.336,1.5389,1.77
1847.5,1.3363,1.5394,1.7706
1849.4,1.3366,1.5399,1.7711
1851.4,1.3369,1.5404,1.7717
1853.3,1.3372,1.5409,1.7723
1855.2,1.3375,1.5414,1.7728
1857.1,1.3379,1.5419,1.7734
1859.1,1.3382,1.5424,1.7739
1861,1.3385,1.5429,1.7745
1862.9,1.3388,1.5434,1.775
1864.9,1.3391,1.5439,1.7756
1866.8,1.3394,1.5444,1.7761
1868.7,1.3397,1.5448,1.7767
1870.6,1.34,1.5453,1.7772
1872.6,1.3403,1.5458,1.7777
1874.5,1.3406,1.5463,1.7783
1876.4,1.3409,1.5467,1.7788
1878.4,1.3412,1.5472,1.7793
1880.3,1.3415,1.5477,1.7799
1882.2,1.3418,1.5482,1.7804
1884.1,1.3421,1.5486,1.7809
1886.1,1.3424,1.5491,1.7814
1888,1.3427,1.5495,1.782
1889.9,1.3429,1.55,1.7825
1891.9,1.3432,1.5505,1.783
1893.8,1.3435,1.5509,1.7835
1895.7,1.3438,1.5514,1.784
1897.6,1.3441,1.5518,1.7845
1899.6,1.3444,1.5523,1.785
1901.5,1.3446,1.5527,1.7855
1903.4,1.3449,1.5531,1.786
1905.4,1.3452,1.5536,1.7865
1907.3,1.3455,1.554,1.787
1909.2,1.3458,1.5545,1.7875
1911.1,1.346,1.5549,1.788
1913.1,1.3463,1.5553,1.7885
1915,1.3466,1.5558,1.789
1916.9,1.3468,1.5562,1.7895
1918.9,1.3471,1.5566,1.7899
1920.8,1.3474,1.557,1.7904
1922.7,1.3476,1.5575,1.7909
1924.6,1.3479,1.5579,1.7914
1926.6,1.3482,1.5583,1.7919
1928.5,1.3484,1.5587,1.7923
1930.4,1.3487,1.5591,1.7928
1932.4,1.3489,1.5596,1.7933
1934.3,1.3492,1.56,1.7937
1936.2,1.3495,1.5604,1.7942
1938.1,1.3497,1.5608,1.7947
1940.1,1.35,1.5612,1.7951
1942,1.3502,1.5616,1.7956
1943.9,1.3505,1.562,1.796
1945.9,1.3507,1.5624,1.7965
1947.8,1.351,1.5628,1.7969
1949.7,1.3512,1.5632,1.7974
1951.6,1.3515,1.5636,1.7978
1953.6,1.3517,1.564,1.7983
1955.5,1.352,1.5644,1.7987
1957.4,1.3522,1.5648,1.7992
1959.4,1.3525,1.5652,1.7996
1961.3,1.3527,1.5656,1.8001
1963.2,1.3529,1.5659,1.8005
1965.1,1.3532,1.5663,1.8009
1967.1,1.3534,1.5667,1.8014
1969,1.3537,1.5671,1.8018
1970.9,1.3539,1.5675,1.8022
1972.9,1.3541,1.5678,1.8026
1974.8,1.3544,1.5682,1.8031
1976.7,1.3546,1.5686,1.8035
1978.6,1.3548,1.569,1.8039
1980.6,1.3551,1.5693,1.8043
1982.5,1.3553,1.5697,1.8048
1984.4,1.3555,1.5701,1.8052
1986.4,1.3558,1.5704,1.8056
1988.3,1.356,1.5708,1.806
1990.2,1.3562,1.5712,1.8064
1992.1,1.3564,1.5715,1.8068
1994.1,1.3567,1.5719,1.8072
1996,1.3569,1.5723,1.8077
1997.9,1.3571,1.5726,1.8081
1999.9,1.3573,1.573,1.8085
