wavenumber,k1,k2,k3
225.63,1.7867,0.033175,0.05785
227.56,1.7165,0.037042,0.059175
229.49,1.5942,0.041734,0.060504
231.42,1.439,0.047487,0.061836
233.35,1.2678,0.054623,0.063171
235.28,1.0938,0.063588,0.064511
237.21,0.92618,0.075018,0.065858
239.13,0.77055,0.089849,0.067215
241.06,0.62872,0.10942,0.068586
242.99,0.50029,0.13452,0.069975
244.92,0.39519,0.15377,0.071388
246.85,0.33378,0.14448,0.072831
248.78,0.2958,0.12437,0.074311
250.7,0.26707,0.10533,0.075837
252.63,0.24352,0.089462,0.077416
254.56,0.22359,0.076715,0.079057
256.49,0.20651,0.066596,0.080771
258.42,0.19176,0.058585,0.082566
260.35,0.17901,0.052239,0.084454
262.28,0.16796,0.0472,0.086445
264.2,0.15839,0.04319,0.088551
266.13,0.15012,0.039994,0.090785
268.06,0.14298,0.037447,0.09316
269.99,0.13685,0.035423,0.095689
271.92,0.1316,0.033824,0.098388
273.85,0.12713,0.032574,0.10127
275.78,0.12337,0.031617,0.10436
277.7,0.12025,0.030906,0.10767
279.63,0.11771,0.030407,0.11123
281.56,0.11569,0.030092,0.11505
283.49,0.11416,0.02994,0.11917
285.42,0.11308,0.029936,0.12361
287.35,0.11242,0.030068,0.1284
289.27,0.11216,0.030327,0.13359
291.2,0.11229,0.030708,0.1392
293.13,0.11278,0.031207,0.1453
295.06,0.11364,0.031825,0.15192
296.99,0.11486,0.032563,0.15914
298.92,0.11644,0.033424,0.16701
300.85,0.11839,0.034414,0.17562
302.77,0.12071,0.035542,0.18506
304.7,0.12342,0.036818,0.19543
306.63,0.12654,0.038256,0.20686
308.56,0.13009,0.039873,0.21949
310.49,0.13411,0.041688,0.23348
312.42,0.13863,0.043726,0.24904
314.35,0.1437,0.046018,0.26641
316.27,0.14938,0.048599,0.28584
318.2,0.15574,0.051514,0.30769
320.13,0.16285,0.054815,0.33234
322.06,0.17083,0.058569,0.36027
323.99,0.17979,0.062853,0.39206
325.92,0.18987,0.067765,0.42838
327.84,0.20126,0.073422,0.47008
329.77,0.21415,0.079969,0.51815
331.7,0.22881,0.08758,0.57376
333.63,0.24551,0.096467,0.63829
335.56,0.26457,0.10688,0.71328
337.49,0.28633,0.11911,0.80038
339.42,0.31111,0.13345,0.90113
341.34,0.33912,0.15022,1.0167
343.27,0.37039,0.16962,1.1471
345.2,0.40455,0.19164,1.2906
347.13,0.44084,0.21583,1.4424
349.06,0.47816,0.24101,1.5944
350.99,0.51568,0.26517,1.7354
352.92,0.55378,0.28555,1.8537
354.84,0.59498,0.29946,1.9416
356.77,0.644,0.30515,2.0004
358.7,0.70664,0.3023,2.0448
360.63,0.78633,0.29176,2.1051
362.56,0.87736,0.2753,2.2261
364.49,0.96444,0.25545,2.4432
366.41,1.0421,0.23516,2.7177
368.34,1.1208,0.21698,2.9165
370.27,1.2115,0.20258,2.9332
372.2,1.3192,0.19273,2.7905
374.13,1.4438,0.18755,2.5768
376.06,1.5815,0.18655,2.3701
377.99,1.7236,0.18853,2.2248
379.91,1.8567,0.1921,2.1769
381.84,1.9643,0.19712,2.2398
383.77,2.0387,0.20506,2.3842
385.7,2.0889,0.21763,2.5262
387.63,2.1046,0.23571,2.594
389.56,2.0723,0.25894,2.5716
391.49,1.9968,0.28518,2.4889
393.41,1.8949,0.30943,2.3873
395.34,1.7908,0.3241,2.2914
397.27,1.7048,0.32317,2.208
399.2,1.636,0.308,2.1396
401.13,1.5654,0.28602,2.088
403.06,1.4786,0.26426,2.0483
404.98,1.3808,0.24627,2.0055
406.91,1.2876,0.2328,1.9464
408.84,1.2115,0.22294,1.8692
410.77,1.1606,0.21513,1.7799
412.7,1.1385,0.2081,1.687
414.63,1.1449,0.20154,1.5996
416.56,1.1736,0.19594,1.5258
418.48,1.2117,0.19201,1.4719
420.41,1.2414,0.19009,1.4405
422.34,1.2467,0.19001,1.4274
424.27,1.2226,0.19117,1.4216
426.2,1.1755,0.19267,1.4094
428.13,1.1146,0.19354,1.3825
430.05,1.0451,0.19315,1.3406
431.98,0.96876,0.19148,1.2875
433.91,0.88574,0.18905,1.2274
435.84,0.79802,0.18661,1.1625
437.77,0.70975,0.18474,1.0933
439.7,0.62565,0.1837,1.02
441.63,0.54911,0.18346,0.94392
443.55,0.48177,0.18379,0.86749
445.48,0.42387,0.18439,0.79371
447.41,0.37485,0.18501,0.72551
449.34,0.33378,0.18548,0.66522
451.27,0.29957,0.18574,0.61424
453.2,0.27116,0.18581,0.57298
455.13,0.24757,0.18574,0.54106
457.05,0.22798,0.18555,0.51751
458.98,0.21166,0.18521,0.50101
460.91,0.19802,0.18465,0.48988
462.84,0.18658,0.18373,0.48215
464.77,0.17696,0.18233,0.4756
466.7,0.16886,0.18036,0.46793
468.62,0.16203,0.17784,0.45715
470.55,0.1563,0.17489,0.44196
472.48,0.15154,0.1717,0.42201
474.41,0.14763,0.16848,0.39797
476.34,0.14448,0.16542,0.37115
478.27,0.14203,0.16265,0.34314
480.2,0.1402,0.16027,0.31538
482.12,0.13895,0.15834,0.28896
484.05,0.13824,0.15689,0.26458
485.98,0.13804,0.15593,0.24255
487.91,0.13833,0.15546,0.22296
489.84,0.13911,0.15549,0.2057
491.77,0.14038,0.15602,0.19061
493.7,0.14214,0.15706,0.17746
495.62,0.14441,0.15862,0.16606
497.55,0.14724,0.16074,0.15619
499.48,0.15066,0.16343,0.14768
501.41,0.15475,0.16676,0.14038
503.34,0.15957,0.17077,0.13418
505.27,0.16525,0.17555,0.12896
507.19,0.17192,0.18122,0.12467
509.12,0.17975,0.1879,0.12124
511.05,0.18899,0.19579,0.11865
512.98,0.19994,0.20516,0.11689
514.91,0.21302,0.21637,0.11599
516.84,0.22876,0.22995,0.11601
518.77,0.2479,0.24669,0.11702
520.69,0.27146,0.26783,0.11916
522.62,0.30078,0.29533,0.12263
524.55,0.33776,0.33245,0.1277
526.48,0.38496,0.38474,0.13477
528.41,0.44588,0.4617,0.14439
530.34,0.52412,0.58002,0.15736
532.27,0.56541,0.82174,0.17482
534.19,0.50434,1.2708,0.19848
536.12,0.49998,1.7154,0.23093
538.05,0.52039,2.0059,0.27625
539.98,0.55918,2.0011,0.34133
541.91,0.61593,1.7551,0.43928
543.84,0.69298,1.3726,0.60073
545.76,0.79426,0.9767,0.78911
547.69,0.92319,0.74238,0.86912
549.62,1.0804,0.56903,0.94022
551.55,1.2708,0.44477,0.97142
553.48,1.5169,0.36124,0.93991
555.41,1.8535,0.30817,0.88039
557.34,2.3161,0.27821,0.83416
559.26,2.9295,0.26634,0.81443
561.19,3.6698,0.26732,0.81295
563.12,4.4023,0.27267,0.81162
565.05,4.9083,0.26971,0.79862
566.98,5.0774,0.24967,0.78042
568.91,4.9837,0.21709,0.76993
570.84,4.7543,0.18274,0.77297
572.76,4.4763,0.1532,0.78942
574.69,4.1934,0.12996,0.81729
576.62,3.9239,0.11224,0.85442
578.55,3.6738,0.098765,0.89876
580.48,3.444,0.08844,0.94824
582.41,3.2332,0.080424,1.0006
584.33,3.0392,0.074117,1.0531
586.26,2.8601,0.069092,1.103
588.19,2.6937,0.065048,1.1473
590.12,2.5384,0.061766,1.1834
592.05,2.3926,0.059089,1.2096
593.98,2.255,0.056897,1.2253
595.91,2.1245,0.055099,1.2317
597.83,2.0002,0.053622,1.2319
599.76,1.8813,0.052406,1.2307
601.69,1.7674,0.051401,1.2342
603.62,1.6578,0.050567,1.2503
605.55,1.5522,0.049875,1.2881
607.48,1.4503,0.049311,1.358
609.41,1.3518,0.048868,1.4715
611.33,1.2566,0.048548,1.6395
613.26,1.1647,0.048355,1.8665
615.19,1.0763,0.048291,2.1387
617.12,0.99196,0.048359,2.4113
619.05,0.91236,0.048559,2.6176
620.98,0.83844,0.048893,2.7106
622.9,0.77112,0.049363,2.6921
624.83,0.71106,0.049973,2.5957
626.76,0.65853,0.050729,2.457
628.69,0.61332,0.051636,2.3005
630.62,0.57488,0.052703,2.1399
632.55,0.54244,0.053939,1.9818
634.48,0.5152,0.055358,1.8291
636.4,0.49238,0.056972,1.6826
638.33,0.47331,0.058796,1.5424
640.26,0.45738,0.060849,1.4081
642.19,0.44411,0.063149,1.2798
644.12,0.4331,0.065719,1.1575
646.05,0.42402,0.068581,1.0418
647.98,0.41661,0.071762,0.9335
649.9,0.41066,0.075292,0.83378
651.83,0.40606,0.079202,0.74358
653.76,0.40274,0.083528,0.6633
655.69,0.40077,0.088309,0.59258
657.62,0.40039,0.093586,0.53023
659.55,0.40212,0.099406,0.4745
661.47,0.40633,0.10582,0.42367
663.4,0.41054,0.11287,0.37892
665.33,0.4102,0.12063,0.3437
667.26,0.4052,0.12913,0.31717
669.19,0.39719,0.13843,0.29698
671.12,0.38723,0.14857,0.28142
673.05,0.37597,0.15959,0.26946
674.97,0.3638,0.1715,0.26036
676.9,0.35103,0.18432,0.25362
678.83,0.33801,0.19805,0.24875
680.76,0.32558,0.21266,0.24488
682.69,0.31619,0.22816,0.23956
684.62,0.31216,0.24452,0.23049
686.54,0.311,0.26175,0.2202
688.47,0.31078,0.27982,0.21066
690.4,0.31113,0.2987,0.20226
692.33,0.31206,0.3183,0.195
694.26,0.31366,0.33844,0.18882
696.19,0.316,0.35884,0.1836
698.12,0.31912,0.3791,0.17926
700.04,0.32298,0.39869,0.17571
701.97,0.32748,0.41701,0.17289
703.9,0.33236,0.43346,0.17074
705.83,0.33725,0.44759,0.1692
707.76,0.34166,0.45919,0.16824
709.69,0.345,0.4684,0.1678
711.62,0.34675,0.47571,0.16782
713.54,0.34657,0.48188,0.16825
715.47,0.34443,0.48776,0.16898
717.4,0.34063,0.49418,0.16988
719.33,0.33577,0.50189,0.17079
721.26,0.33058,0.51152,0.17148
723.19,0.32577,0.52361,0.17173
725.11,0.32194,0.5385,0.17133
727.04,0.31947,0.55624,0.17013
728.97,0.31847,0.57627,0.16814
730.9,0.31882,0.59718,0.16551
732.83,0.32012,0.61658,0.16252
734.76,0.32178,0.63142,0.15955
736.69,0.32298,0.63902,0.15695
738.61,0.3227,0.63851,0.15501
740.54,0.31996,0.63172,0.15392
742.47,0.3145,0.62289,0.15372
744.4,0.30758,0.61715,0.15419
746.33,0.30218,0.6188,0.15464
748.26,0.30189,0.62879,0.15374
750.19,0.30734,0.64088,0.1501
752.11,0.31107,0.64503,0.14411
754.04,0.30243,0.64322,0.13819
755.97,0.28229,0.64557,0.13406
757.9,0.25915,0.65551,0.13177
759.83,0.23839,0.6707,0.13073
761.76,0.22145,0.68699,0.13048
763.68,0.20817,0.69987,0.13071
765.61,0.19802,0.70522,0.13127
767.54,0.19049,0.69995,0.13209
769.47,0.18518,0.68269,0.13312
771.4,0.18178,0.65397,0.13435
773.33,0.18008,0.6159,0.13579
775.26,0.17983,0.57149,0.13744
777.18,0.1807,0.52405,0.13932
779.11,0.18212,0.47674,0.14145
781.04,0.18307,0.43246,0.14383
782.97,0.18231,0.39364,0.14649
784.9,0.17918,0.36155,0.14942
786.83,0.17411,0.33589,0.1526
788.76,0.1681,0.31546,0.15595
790.68,0.16205,0.29906,0.15935
792.61,0.15644,0.28568,0.16262
794.54,0.15143,0.27459,0.16551
796.47,0.14698,0.26522,0.16776
798.4,0.14291,0.25712,0.16917
800.33,0.13898,0.24995,0.16963
802.25,0.13503,0.24346,0.16923
804.18,0.13095,0.23755,0.16815
806.11,0.12679,0.23219,0.16668
808.04,0.12264,0.22738,0.16506
809.97,0.11864,0.22316,0.16353
811.9,0.1149,0.21956,0.16223
813.83,0.11152,0.21657,0.16124
815.75,0.10853,0.21419,0.1606
817.68,0.10596,0.21239,0.16034
819.61,0.10379,0.21113,0.16044
821.54,0.10199,0.2104,0.1609
823.47,0.10055,0.21016,0.16169
825.4,0.099439,0.21038,0.16279
827.33,0.098618,0.21105,0.16421
829.25,0.098069,0.21214,0.16591
831.18,0.097767,0.21364,0.16791
833.11,0.097696,0.21554,0.17018
835.04,0.097838,0.21784,0.17274
836.97,0.098182,0.22053,0.17557
838.9,0.098717,0.22361,0.1787
840.82,0.099436,0.22709,0.18212
842.75,0.10033,0.23098,0.18584
844.68,0.10141,0.23529,0.18988
846.61,0.10265,0.24003,0.19426
848.54,0.10407,0.24523,0.19899
850.47,0.10567,0.25091,0.2041
852.4,0.10744,0.25709,0.20961
854.32,0.10941,0.26381,0.21556
856.25,0.11156,0.27111,0.22198
858.18,0.11391,0.27903,0.22891
860.11,0.11647,0.28762,0.2364
862.04,0.11926,0.29694,0.2445
863.97,0.12228,0.30706,0.25328
865.9,0.12555,0.31806,0.2628
867.82,0.1291,0.33002,0.27315
869.75,0.13295,0.34306,0.28442
871.68,0.13711,0.35729,0.29672
873.61,0.14163,0.37285,0.31017
875.54,0.14653,0.38991,0.32492
877.47,0.15186,0.40866,0.34114
879.39,0.15766,0.42933,0.35901
881.32,0.16398,0.45218,0.37875
883.25,0.17089,0.47753,0.40064
885.18,0.17847,0.50573,0.42494
887.11,0.18678,0.53724,0.452
889.04,0.19595,0.57257,0.48219
890.97,0.20608,0.61232,0.51588
892.89,0.21731,0.65719,0.55352
894.82,0.2298,0.70799,0.5955
896.75,0.24376,0.76558,0.64222
898.68,0.25941,0.83085,0.69396
900.61,0.27703,0.90454,0.7509
902.54,0.29692,0.98708,0.813
904.47,0.31945,1.0782,0.87995
906.39,0.34503,1.1766,0.95097
908.32,0.37408,1.2801,1.0245
910.25,0.40703,1.3853,1.0979
912.18,0.4442,1.4883,1.1673
914.11,0.48573,1.5848,1.2288
916.04,0.5313,1.6711,1.2795
917.96,0.57993,1.7444,1.3192
919.89,0.62971,1.8043,1.3512
921.82,0.67792,1.853,1.381
923.75,0.7217,1.8947,1.4156
925.68,0.75911,1.9335,1.4614
927.61,0.79,1.9716,1.5237
929.54,0.81588,2.0081,1.6064
931.46,0.83903,2.0403,1.7118
933.39,0.86142,2.0657,1.8394
935.32,0.88415,2.0832,1.9845
937.25,0.90745,2.0936,2.1367
939.18,0.93113,2.0985,2.2799
941.11,0.9552,2.099,2.3954
943.04,0.98033,2.0953,2.4688
944.96,1.0077,2.0858,2.4954
946.89,1.0384,2.0687,2.4816
948.82,1.0728,2.0422,2.4415
950.75,1.1099,2.0063,2.3915
952.68,1.1467,1.9636,2.3455
954.61,1.1791,1.9191,2.313
956.53,1.2031,1.8785,2.298
958.46,1.2168,1.8466,2.2998
960.39,1.2212,1.8255,2.3137
962.32,1.2197,1.8146,2.3343
964.25,1.2162,1.8109,2.357
966.18,1.2136,1.8109,2.3794
968.11,1.2134,1.8119,2.4008
970.03,1.2155,1.8127,2.4212
971.96,1.2192,1.8133,2.4406
973.89,1.2232,1.8148,2.4582
975.82,1.2264,1.8184,2.473
977.75,1.2281,1.8251,2.4833
979.68,1.2277,1.8353,2.4879
981.61,1.2248,1.8488,2.4855
983.53,1.2195,1.8646,2.4757
985.46,1.2117,1.8808,2.4582
987.39,1.2017,1.8956,2.4334
989.32,1.1901,1.9066,2.4019
991.25,1.1772,1.9122,2.3647
993.18,1.1634,1.9115,2.3226
995.1,1.1493,1.9043,2.277
997.03,1.1348,1.8912,2.229
998.96,1.1203,1.873,2.1801
1000.9,1.1056,1.8503,2.1315
1002.8,1.091,1.8241,2.0846
1004.7,1.0765,1.7948,2.0404
1006.7,1.0623,1.7631,1.9997
1008.6,1.0485,1.7295,1.9632
1010.5,1.0349,1.6943,1.9314
1012.5,1.0213,1.6581,1.9051
1014.4,1.0074,1.6212,1.8848
1016.3,0.99242,1.5836,1.8711
1018.2,0.97601,1.5457,1.8643
1020.2,0.95789,1.5076,1.8644
1022.1,0.93805,1.4694,1.8706
1024,0.91681,1.4311,1.882
1026,0.89461,1.393,1.8969
1027.9,0.87204,1.3549,1.9137
1029.8,0.84966,1.317,1.9305
1031.7,0.82805,1.2794,1.9457
1033.7,0.80768,1.242,1.9576
1035.6,0.78899,1.205,1.9651
1037.5,0.77233,1.1684,1.9671
1039.5,0.75798,1.1322,1.9634
1041.4,0.74617,1.0965,1.9536
1043.3,0.73709,1.0615,1.9381
1045.2,0.73089,1.0271,1.9172
1047.2,0.72767,0.9935,1.8916
1049.1,0.72755,0.96074,1.8618
1051,0.73063,0.92897,1.8287
1053,0.73701,0.89828,1.7931
1054.9,0.74681,0.86876,1.7555
1056.8,0.76016,0.84053,1.7169
1058.7,0.77718,0.81369,1.6779
1060.7,0.79805,0.78831,1.6393
1062.6,0.82294,0.76441,1.6017
1064.5,0.85203,0.74202,1.5659
1066.5,0.88548,0.72114,1.5327
1068.4,0.92348,0.7017,1.5027
1070.3,0.96621,0.68361,1.4765
1072.2,1.0138,0.66683,1.4546
1074.2,1.0662,0.65129,1.4373
1076.1,1.1234,0.63693,1.4247
1078,1.1853,0.6237,1.4164
1080,1.2517,0.61161,1.4117
1081.9,1.3221,0.60062,1.4096
1083.8,1.3958,0.59073,1.4085
1085.7,1.4719,0.58193,1.4068
1087.7,1.5483,0.57422,1.4034
1089.6,1.6217,0.56757,1.3984
1091.5,1.6885,0.56202,1.392
1093.5,1.7459,0.55758,1.3843
1095.4,1.7924,0.5543,1.3746
1097.3,1.8274,0.55222,1.3622
1099.2,1.8508,0.55142,1.3466
1101.2,1.8635,0.55196,1.3276
1103.1,1.8662,0.55392,1.3053
1105,1.8604,0.55738,1.2799
1107,1.8472,0.5624,1.2515
1108.9,1.8281,0.56907,1.2206
1110.8,1.8041,0.57745,1.1875
1112.7,1.7764,0.58762,1.1525
1114.7,1.7459,0.59963,1.1158
1116.6,1.7132,0.61354,1.0776
1118.5,1.6791,0.62937,1.0383
1120.5,1.644,0.64709,0.99793
1122.4,1.6082,0.66656,0.9568
1124.3,1.572,0.68751,0.91525
1126.2,1.5357,0.70949,0.8738
1128.2,1.4995,0.73196,0.83296
1130.1,1.4634,0.75439,0.79326
1132,1.4276,0.77645,0.75495
1134,1.3921,0.79792,0.71819
1135.9,1.3571,0.81874,0.68293
1137.8,1.3225,0.83883,0.64915
1139.7,1.2884,0.85812,0.61675
1141.7,1.2549,0.87652,0.58574
1143.6,1.222,0.89391,0.55606
1145.5,1.1898,0.91017,0.52776
1147.5,1.1583,0.92519,0.50081
1149.4,1.1277,0.93889,0.47525
1151.3,1.0982,0.95125,0.45105
1153.2,1.0699,0.96232,0.42823
1155.2,1.0431,0.97224,0.40673
1157.1,1.0179,0.98128,0.38648
1159,0.99443,0.98977,0.36739
1161,0.97274,0.99802,0.34935
1162.9,0.95252,1.0062,0.33221
1164.8,0.93327,1.014,0.31592
1166.7,0.9142,1.0206,0.3004
1168.7,0.89448,1.0248,0.28568
1170.6,0.87334,1.0252,0.27178
1172.5,0.85035,1.0212,0.25875
1174.5,0.82535,1.0126,0.24659
1176.4,0.79856,1.0001,0.23531
1178.3,0.77028,0.98418,0.22486
1180.2,0.74098,0.96581,0.21519
1182.2,0.71101,0.94559,0.20623
1184.1,0.68074,0.92401,0.19793
1186,0.65041,0.90142,0.19023
1188,0.62028,0.87809,0.18307
1189.9,0.59048,0.85419,0.1764
1191.8,0.56119,0.82988,0.17018
1193.7,0.53253,0.80523,0.16437
1195.7,0.50465,0.78037,0.15893
1197.6,0.47765,0.75535,0.15384
1199.5,0.45168,0.73026,0.14905
1201.5,0.42682,0.70514,0.14456
1203.4,0.4032,0.68009,0.14032
1205.3,0.38085,0.65513,0.13633
1207.2,0.35984,0.63036,0.13257
1209.2,0.34016,0.60582,0.12901
1211.1,0.32182,0.58161,0.12565
1213,0.30476,0.55776,0.12246
1215,0.28894,0.53438,0.11943
1216.9,0.27427,0.5115,0.11656
1218.8,0.26069,0.48921,0.11383
1220.7,0.24811,0.46755,0.11123
1222.7,0.23646,0.44661,0.10876
1224.6,0.22565,0.4264,0.1064
1226.5,0.21562,0.40698,0.10415
1228.5,0.20628,0.38837,0.10199
1230.4,0.1976,0.37061,0.099928
1232.3,0.18949,0.35367,0.097951
1234.2,0.18192,0.33758,0.096056
1236.2,0.17483,0.32232,0.094235
1238.1,0.16819,0.30787,0.092486
1240,0.16195,0.2942,0.090801
1242,0.15608,0.2813,0.089179
1243.9,0.15055,0.26912,0.087614
1245.8,0.14532,0.25765,0.086104
1247.7,0.14037,0.24683,0.084644
1249.7,0.13567,0.23666,0.083232
1251.6,0.1312,0.22707,0.081865
1253.5,0.12694,0.21806,0.08054
1255.5,0.12286,0.20958,0.079254
1257.4,0.11896,0.20162,0.078006
1259.3,0.1152,0.19413,0.076793
1261.2,0.11158,0.18711,0.075614
1263.2,0.10808,0.1805,0.074466
1265.1,0.1047,0.1743,0.073348
1267,0.10143,0.16848,0.072258
1269,0.098259,0.163,0.071195
1270.9,0.095192,0.15784,0.070157
1272.8,0.092227,0.15299,0.069144
1274.7,0.089361,0.1484,0.068153
1276.7,0.086597,0.14406,0.067185
1278.6,0.083932,0.13994,0.066238
1280.5,0.081369,0.13604,0.065312
1282.5,0.078904,0.13232,0.064404
1284.4,0.076539,0.12878,0.063515
1286.3,0.074268,0.1254,0.062644
1288.2,0.072093,0.12217,0.061791
1290.2,0.070007,0.11908,0.060954
1292.1,0.068011,0.11612,0.060133
1294,0.066098,0.11327,0.059327
1296,0.064268,0.11053,0.058537
1297.9,0.062514,0.1079,0.057761
1299.8,0.060836,0.10537,0.056999
1301.7,0.059229,0.10293,0.056251
1303.7,0.05769,0.10058,0.055516
1305.6,0.056214,0.098306,0.054795
1307.5,0.0548,0.096116,0.054086
1309.5,0.053444,0.093999,0.053389
1311.4,0.052143,0.091955,0.052704
1313.3,0.050894,0.089978,0.052031
1315.2,0.049694,0.088066,0.051369
1317.2,0.048541,0.086216,0.050718
1319.1,0.047433,0.084426,0.050079
1321,0.046367,0.082693,0.04945
1322.9,0.045341,0.081014,0.048832
1324.9,0.044352,0.079387,0.048223
1326.8,0.0434,0.077812,0.047625
1328.7,0.042482,0.076283,0.047037
1330.7,0.041596,0.074802,0.046459
1332.6,0.04074,0.073364,0.045889
1334.5,0.039915,0.07197,0.045329
1336.4,0.039116,0.070616,0.044778
1338.4,0.038345,0.069303,0.044237
1340.3,0.037598,0.068027,0.043703
1342.2,0.036876,0.066788,0.043179
1344.2,0.036176,0.065584,0.042663
1346.1,0.035498,0.064415,0.042155
1348,0.034841,0.063277,0.041655
1349.9,0.034205,0.062172,0.041163
1351.9,0.033587,0.061097,0.040679
1353.8,0.032988,0.060051,0.040203
1355.7,0.032405,0.059033,0.039734
1357.7,0.03184,0.058043,0.039273
1359.6,0.031291,0.057079,0.038819
1361.5,0.030757,0.056141,0.038372
1363.4,0.030238,0.055226,0.037932
1365.4,0.029734,0.054336,0.037499
1367.3,0.029242,0.053468,0.037072
1369.2,0.028764,0.052623,0.036653
1371.2,0.028299,0.051798,0.03624
1373.1,0.027846,0.050994,0.035833
1375,0.027404,0.05021,0.035432
1376.9,0.026974,0.049445,0.035038
1378.9,0.026554,0.048699,0.03465
1380.8,0.026145,0.047971,0.034268
1382.7,0.025746,0.04726,0.033891
1384.7,0.025357,0.046566,0.03352
1386.6,0.024977,0.045888,0.033156
1388.5,0.024607,0.045226,0.032796
1390.4,0.024245,0.044579,0.032442
1392.4,0.023891,0.043947,0.032093
1394.3,0.023546,0.043329,0.03175
1396.2,0.023209,0.042725,0.031411
1398.2,0.022879,0.042134,0.031078
1400.1,0.022557,0.041557,0.03075
1402,0.022242,0.040992,0.030427
1403.9,0.021934,0.040439,0.030108
1405.9,0.021633,0.039898,0.029794
1407.8,0.021338,0.039369,0.029485
1409.7,0.02105,0.038851,0.02918
1411.7,0.020768,0.038344,0.02888
1413.6,0.020492,0.037847,0.028584
1415.5,0.020221,0.037361,0.028293
1417.4,0.019957,0.036885,0.028005
1419.4,0.019697,0.036418,0.027722
1421.3,0.019443,0.035961,0.027443
1423.2,0.019194,0.035512,0.027168
1425.2,0.018951,0.035073,0.026897
1427.1,0.018712,0.034642,0.02663
1429,0.018477,0.03422,0.026366
1430.9,0.018248,0.033806,0.026107
1432.9,0.018023,0.0334,0.025851
1434.8,0.017802,0.033001,0.025598
1436.7,0.017585,0.03261,0.025349
1438.7,0.017373,0.032227,0.025104
1440.6,0.017165,0.03185,0.024862
1442.5,0.01696,0.031481,0.024623
1444.4,0.016759,0.031118,0.024388
1446.4,0.016562,0.030762,0.024156
1448.3,0.016369,0.030413,0.023927
1450.2,0.016179,0.030069,0.023701
1452.2,0.015993,0.029732,0.023479
1454.1,0.01581,0.029401,0.023259
1456,0.01563,0.029075,0.023042
1457.9,0.015454,0.028756,0.022828
1459.9,0.01528,0.028441,0.022618
1461.8,0.01511,0.028133,0.02241
1463.7,0.014942,0.027829,0.022204
1465.7,0.014777,0.027531,0.022002
1467.6,0.014616,0.027237,0.021802
1469.5,0.014457,0.026949,0.021605
1471.4,0.0143,0.026665,0.02141
1473.4,0.014147,0.026386,0.021218
1475.3,0.013995,0.026112,0.021028
1477.2,0.013847,0.025842,0.020841
1479.2,0.013701,0.025577,0.020657
1481.1,0.013557,0.025315,0.020474
1483,0.013415,0.025058,0.020294
1484.9,0.013276,0.024805,0.020117
1486.9,0.013139,0.024556,0.019941
1488.8,0.013004,0.024311,0.019768
1490.7,0.012872,0.02407,0.019597
1492.7,0.012741,0.023832,0.019428
1494.6,0.012613,0.023599,0.019262
1496.5,0.012486,0.023368,0.019097
1498.4,0.012362,0.023142,0.018935
1500.4,0.012239,0.022918,0.018774
1502.3,0.012118,0.022698,0.018616
1504.2,0.011999,0.022482,0.018459
1506.2,0.011882,0.022268,0.018304
1508.1,0.011767,0.022058,0.018152
1510,0.011653,0.021851,0.018001
1511.9,0.011541,0.021646,0.017852
1513.9,0.011431,0.021445,0.017705
1515.8,0.011322,0.021247,0.017559
1517.7,0.011215,0.021051,0.017416
1519.7,0.011109,0.020858,0.017274
1521.6,0.011005,0.020669,0.017133
1523.5,0.010903,0.020481,0.016995
1525.4,0.010802,0.020297,0.016858
1527.4,0.010702,0.020114,0.016722
1529.3,0.010604,0.019935,0.016589
1531.2,0.010507,0.019758,0.016456
1533.2,0.010412,0.019583,0.016326
1535.1,0.010317,0.019411,0.016197
1537,0.010225,0.019241,0.016069
1538.9,0.010133,0.019073,0.015943
1540.9,0.010043,0.018908,0.015818
1542.8,0.0099535,0.018745,0.015695
1544.7,0.0098656,0.018584,0.015573
1546.7,0.0097789,0.018425,0.015453
1548.6,0.0096933,0.018268,0.015334
1550.5,0.0096089,0.018113,0.015216
1552.4,0.0095256,0.017961,0.0151
1554.4,0.0094434,0.01781,0.014984
1556.3,0.0093623,0.017661,0.014871
1558.2,0.0092822,0.017514,0.014758
1560.2,0.0092033,0.017369,0.014647
1562.1,0.0091252,0.017226,0.014537
1564,0.0090483,0.017085,0.014428
1565.9,0.0089723,0.016945,0.01432
1567.9,0.0088972,0.016807,0.014214
1569.8,0.0088232,0.016671,0.014108
1571.7,0.00875,0.016537,0.014004
1573.7,0.0086778,0.016404,0.013901
1575.6,0.0086065,0.016273,0.013799
1577.5,0.008536,0.016143,0.013698
1579.4,0.0084665,0.016015,0.013599
1581.4,0.0083978,0.015889,0.0135
1583.3,0.00833,0.015764,0.013403
1585.2,0.0082629,0.01564,0.013306
1587.2,0.0081967,0.015519,0.01321
1589.1,0.0081313,0.015398,0.013116
1591,0.0080667,0.015279,0.013022
1592.9,0.0080029,0.015161,0.01293
1594.9,0.0079398,0.015045,0.012838
1596.8,0.0078775,0.01493,0.012747
1598.7,0.0078159,0.014817,0.012658
1600.7,0.007755,0.014704,0.012569
1602.6,0.0076949,0.014593,0.012481
1604.5,0.0076355,0.014484,0.012394
1606.4,0.0075767,0.014375,0.012308
1608.4,0.0075186,0.014268,0.012223
1610.3,0.0074613,0.014162,0.012138
1612.2,0.0074045,0.014057,0.012055
1614.2,0.0073484,0.013954,0.011972
1616.1,0.007293,0.013851,0.011891
1618,0.0072382,0.01375,0.01181
1619.9,0.007184,0.01365,0.011729
1621.9,0.0071304,0.013551,0.01165
1623.8,0.0070774,0.013453,0.011571
1625.7,0.007025,0.013356,0.011494
1627.7,0.0069732,0.01326,0.011417
1629.6,0.006922,0.013165,0.01134
1631.5,0.0068713,0.013071,0.011265
1633.4,0.0068212,0.012978,0.01119
1635.4,0.0067716,0.012887,0.011116
1637.3,0.0067226,0.012796,0.011043
1639.2,0.0066741,0.012706,0.01097
1641.2,0.0066262,0.012617,0.010898
1643.1,0.0065787,0.012529,0.010827
1645,0.0065318,0.012442,0.010756
1646.9,0.0064853,0.012356,0.010686
1648.9,0.0064394,0.012271,0.010617
1650.8,0.0063939,0.012186,0.010549
1652.7,0.006349,0.012103,0.010481
1654.7,0.0063045,0.01202,0.010413
1656.6,0.0062604,0.011938,0.010347
1658.5,0.0062168,0.011857,0.010281
1660.4,0.0061737,0.011777,0.010215
1662.4,0.006131,0.011698,0.01015
1664.3,0.0060888,0.01162,0.010086
1666.2,0.006047,0.011542,0.010023
1668.2,0.0060057,0.011465,0.0099597
1670.1,0.0059647,0.011389,0.0098973
1672,0.0059242,0.011313,0.0098354
1673.9,0.005884,0.011239,0.0097741
1675.9,0.0058443,0.011165,0.0097134
1677.8,0.005805,0.011092,0.0096532
1679.7,0.0057661,0.011019,0.0095936
1681.7,0.0057276,0.010948,0.0095345
1683.6,0.0056894,0.010877,0.009476
1685.5,0.0056516,0.010806,0.009418
1687.4,0.0056142,0.010737,0.0093605
1689.4,0.0055772,0.010668,0.0093034
1691.3,0.0055406,0.010599,0.009247
1693.2,0.0055042,0.010531,0.009191
1695.1,0.0054683,0.010464,0.0091355
1697.1,0.0054327,0.010398,0.0090805
1699,0.0053974,0.010332,0.009026
1700.9,0.0053625,0.010267,0.0089719
1702.9,0.0053279,0.010203,0.0089184
1704.8,0.0052937,0.010139,0.0088653
1706.7,0.0052598,0.010075,0.0088127
1708.6,0.0052261,0.010013,0.0087605
1710.6,0.0051929,0.0099505,0.0087088
1712.5,0.0051599,0.0098889,0.0086575
1714.4,0.0051272,0.0098279,0.0086067
1716.4,0.0050949,0.0097674,0.0085562
1718.3,0.0050628,0.0097076,0.0085063
1720.2,0.0050311,0.0096482,0.0084568
1722.1,0.0049996,0.0095894,0.0084076
1724.1,0.0049685,0.0095311,0.0083589
1726,0.0049376,0.0094734,0.0083106
1727.9,0.004907,0.0094162,0.0082627
1729.9,0.0048767,0.0093594,0.0082152
1731.8,0.0048467,0.0093032,0.0081682
1733.7,0.0048169,0.0092475,0.0081215
1735.6,0.0047874,0.0091923,0.0080752
1737.6,0.0047582,0.0091376,0.0080293
1739.5,0.0047292,0.0090833,0.0079837
1741.4,0.0047006,0.0090296,0.0079386
1743.4,0.0046721,0.0089763,0.0078938
1745.3,0.0046439,0.0089235,0.0078494
1747.2,0.004616,0.0088711,0.0078053
1749.1,0.0045883,0.0088192,0.0077616
1751.1,0.0045609,0.0087678,0.0077183
1753,0.0045337,0.0087168,0.0076753
1754.9,0.0045067,0.0086662,0.0076327
1756.9,0.00448,0.0086161,0.0075904
1758.8,0.0044535,0.0085664,0.0075484
1760.7,0.0044272,0.0085171,0.0075068
1762.6,0.0044012,0.0084683,0.0074655
1764.6,0.0043754,0.0084198,0.0074246
1766.5,0.0043498,0.0083718,0.007384
1768.4,0.0043245,0.0083241,0.0073437
1770.4,0.0042993,0.0082769,0.0073037
1772.3,0.0042744,0.0082301,0.007264
1774.2,0.0042497,0.0081837,0.0072247
1776.1,0.0042252,0.0081376,0.0071857
1778.1,0.0042009,0.0080919,0.0071469
1780,0.0041768,0.0080466,0.0071085
1781.9,0.0041529,0.0080017,0.0070704
1783.9,0.0041292,0.0079572,0.0070326
1785.8,0.0041058,0.007913,0.006995
1787.7,0.0040825,0.0078692,0.0069578
1789.6,0.0040594,0.0078257,0.0069208
1791.6,0.0040365,0.0077826,0.0068842
1793.5,0.0040137,0.0077399,0.0068478
1795.4,0.0039912,0.0076975,0.0068117
1797.4,0.0039689,0.0076554,0.0067759
1799.3,0.0039467,0.0076137,0.0067403
1801.2,0.0039248,0.0075723,0.006705
1803.1,0.003903,0.0075312,0.00667
1805.1,0.0038813,0.0074905,0.0066353
1807,0.0038599,0.0074501,0.0066008
1808.9,0.0038386,0.00741,0.0065665
1810.9,0.0038175,0.0073702,0.0065326
1812.8,0.0037966,0.0073308,0.0064989
1814.7,0.0037758,0.0072916,0.0064654
1816.6,0.0037553,0.0072528,0.0064322
1818.6,0.0037348,0.0072143,0.0063992
1820.5,0.0037146,0.007176,0.0063665
1822.4,0.0036945,0.0071381,0.006334
1824.4,0.0036745,0.0071005,0.0063018
1826.3,0.0036547,0.0070631,0.0062698
1828.2,0.0036351,0.0070261,0.006238
1830.1,0.0036156,0.0069893,0.0062065
1832.1,0.0035963,0.0069528,0.0061752
1834,0.0035771,0.0069166,0.0061441
1835.9,0.0035581,0.0068806,0.0061133
1837.9,0.0035392,0.006845,0.0060827
1839.8,0.0035205,0.0068096,0.0060523
1841.7,0.0035019,0.0067745,0.0060221
1843.6,0.0034835,0.0067396,0.0059921
1845.6,0.0034652,0.006705,0.0059624
1847.5,0.003447,0.0066707,0.0059329
1849.4,0.003429,0.0066366,0.0059036
1851.4,0.0034111,0.0066028,0.0058745
1853.3,0.0033934,0.0065692,0.0058455
1855.2,0.0033758,0.0065359,0.0058169
1857.1,0.0033583,0.0065028,0.0057884
1859.1,0.003341,0.00647,0.0057601
1861,0.0033238,0.0064374,0.005732
1862.9,0.0033067,0.0064051,0.0057041
1864.9,0.0032897,0.006373,0.0056764
1866.8,0.0032729,0.0063411,0.0056489
1868.7,0.0032562,0.0063095,0.0056216
1870.6,0.0032396,0.0062781,0.0055945
1872.6,0.0032232,0.0062469,0.0055676
1874.5,0.0032068,0.0062159,0.0055408
1876.4,0.0031906,0.0061852,0.0055143
1878.4,0.0031745,0.0061547,0.0054879
1880.3,0.0031585,0.0061244,0.0054617
1882.2,0.0031427,0.0060944,0.0054357
1884.1,0.0031269,0.0060645,0.0054099
1886.1,0.0031113,0.0060349,0.0053842
1888,0.0030958,0.0060054,0.0053588
1889.9,0.0030804,0.0059762,0.0053335
1891.9,0.0030651,0.0059472,0.0053083
1893.8,0.0030499,0.0059184,0.0052834
1895.7,0.0030349,0.0058898,0.0052586
1897.6,0.0030199,0.0058614,0.005234
1899.6,0.003005,0.0058332,0.0052095
1901.5,0.0029903,0.0058052,0.0051852
1903.4,0.0029757,0.0057774,0.0051611
1905.4,0.0029611,0.0057498,0.0051371
1907.3,0.0029467,0.0057223,0.0051133
1909.2,0.0029324,0.0056951,0.0050897
1911.1,0.0029181,0.0056681,0.0050662
1913.1,0.002904,0.0056412,0.0050429
1915,0.00289,0.0056145,0.0050197
1916.9,0.002876,0.0055881,0.0049967
1918.9,0.0028622,0.0055618,0.0049738
1920.8,0.0028485,0.0055356,0.0049511
1922.7,0.0028348,0.0055097,0.0049285
1924.6,0.0028213,0.0054839,0.0049061
1926.6,0.0028078,0.0054583,0.0048838
1928.5,0.0027944,0.0054329,0.0048617
1930.4,0.0027812,0.0054077,0.0048397
1932.4,0.002768,0.0053826,0.0048179
1934.3,0.0027549,0.0053577,0.0047962
1936.2,0.0027419,0.0053329,0.0047746
1938.1,0.002729,0.0053083,0.0047532
1940.1,0.0027162,0.0052839,0.0047319
1942,0.0027035,0.0052597,0.0047108
1943.9,0.0026908,0.0052356,0.0046898
1945.9,0.0026782,0.0052117,0.0046689
1947.8,0.0026658,0.0051879,0.0046481
1949.7,0.0026534,0.0051643,0.0046275
1951.6,0.0026411,0.0051408,0.0046071
1953.6,0.0026288,0.0051175,0.0045867
1955.5,0.0026167,0.0050944,0.0045665
1957.4,0.0026046,0.0050714,0.0045464
1959.4,0.0025927,0.0050486,0.0045264
1961.3,0.0025808,0.0050259,0.0045066
1963.2,0.0025689,0.0050033,0.0044869
1965.1,0.0025572,0.0049809,0.0044673
1967.1,0.0025455,0.0049587,0.0044479
1969,0.0025339,0.0049365,0.0044285
1970.9,0.0025224,0.0049146,0.0044093
1972.9,0.002511,0.0048927,0.0043902
1974.8,0.0024996,0.0048711,0.0043712
1976.7,0.0024883,0.0048495,0.0043523
1978.6,0.0024771,0.0048281,0.0043336
1980.6,0.002466,0.0048068,0.004315
1982.5,0.0024549,0.0047857,0.0042964
1984.4,0.0024439,0.0047647,0.004278
1986.4,0.002433,0.0047438,0.0042598
1988.3,0.0024221,0.0047231,0.0042416
1990.2,0.0024113,0.0047025,0.0042235
1992.1,0.0024006,0.004682,0.0042055
1994.1,0.00239,0.0046617,0.0041877
1996,0.0023794,0.0046414,0.00417
1997.9,0.0023689,0.0046213,0.0041523
1999.9,0.0023584,0.0046014,0.0041348
